{
    "providers": [
        {
            "type": "unihex",
            "hex_file": "minecraft:font/fix_cjk-unifont.zip",
            "size_overrides": [
                {
                    "__ranges": [
						"Kangxi Radicals",
						"CJK Compatibility Ideographs Supplement",
						"Ideographic Description Characters",
                        "CJK Punctuation"
                    ],
                    "from": "\u2F00",
                    "to": "\u3004",
                    "left": 0,
                    "right": 15
                },
				{
                    "__ranges": [
						"Horizontal Han Marks"
                    ],
                    "from": "\u3005",
                    "to": "\u3006",
                    "left": 2,
                    "right": 13
                },
				{
                    "__ranges": [
                        "CJK Symbols and Punctuation"
                    ],
                    "from": "\u3007",
                    "to": "\u303F",
                    "left": 0,
                    "right": 15
                },
                {
                    "__ranges": [
						"Hiragana",
                        "Katakana"
                    ],
                    "from": "\u3040",
                    "to": "\u30FF",
                    "left": 1,
                    "right": 15
                },
                {
                    "__ranges": [
						"Hangul Compatibility Jamo"
                    ],
                    "from": "\u3130",
                    "to": "\u318F",
                    "left": 0,
                    "right": 14
                },
				{
                    "__ranges": [
                        "Enclosed CJK Letters and Months",
                        "CJK Compatibility",
                        "CJK Unified Ideographs Extension A",
                        "Yijing Hexagram Symbols",
                        "CJK Unified Ideographs"
                    ],
                    "from": "\u3200",
                    "to": "\u9FFF",
                    "left": 0,
                    "right": 15
                },
				{
                    "__ranges": [
                        "Hangul Syllables"
                    ],
                    "from": "\uAC00",
                    "to": "\uD7AF",
                    "left": 1,
                    "right": 15
                },
                {
                    "__ranges": [
                        "CJK Compatibility Ideographs"
                    ],
                    "from": "\uF900",
                    "to": "\uFAFF",
                    "left": 0,
                    "right": 15
                },
                {
                    "__ranges": [
                        "Fullwidth Forms I"
                    ],
                    "from": "\uFF01",
                    "to": "\uFF60",
                    "left": 0,
                    "right": 15
                },
				{
                    "__ranges": [
                        "Fullwidth Forms II"
                    ],
                    "from": "\uFFE0",
                    "to": "\uFFE6",
                    "left": 0,
                    "right": 15
                }
            ]
        }
    ]
}
