{
  "variants": {
    "": [
      {
        "model": "minecraft:block/potted_allium/potted_allium", "width":10
      },
      {
        "model": "minecraft:block/potted_allium/potted_allium1", "width":8
      },
      {
        "model": "minecraft:block/potted_allium/potted_allium2", "width":5
      },
      {
        "model": "minecraft:block/potted_allium/potted_allium3", "width":8
      },
      {
        "model": "minecraft:block/potted_allium/potted_allium4", "width":2
      },
      {
        "model": "minecraft:block/potted_allium/potted_allium5", "width":5
      },
      {
        "model": "minecraft:block/potted_allium/potted_allium6", "width":3
      },
      {
        "model": "minecraft:block/potted_allium/potted_allium7", "width":2
      },
      {
        "model": "minecraft:block/potted_allium/potted_allium8", "width":3
      },
      {
        "model": "minecraft:block/potted_allium/potted_allium9", "width":2
      },
      {
        "model": "minecraft:block/potted_allium/potted_allium10", "width":3
      }
    ]
  }
}
